codigo_dane,municipio,tasa_incidencia,tasa_mortalidad
05002,ABEJORRAL,2909.1401,772.2952
05004,ABRIAQUÍ,2928.2144,276.25
50006,ACACÍAS,8924.6732,2574.671
27006,ACANDÍ,3702.5534,1519.2421
41006,ACEVEDO,1949.4874,2311.0865
13006,ACHÍ,1904.1588,392.4297
41013,AGRADO,4240.1282,2127.3
25001,AGUA DE DIOS,6307.4097,920.4937
20011,AGUACHICA,5671.7672,3055.1205
68013,AGUADA,4386.2417,132.4561
17013,AGUADAS,3270.8241,792.4732
85010,AGUAZUL,8340.6874,3167.5868
20013,AGUSTÍN CODAZZI,7319.3341,2178.221
41016,AIPE,4824.5251,966.4083
68020,ALBANIA,1941.1634,329.3461
44035,ALBANIA,6275.5376,1094.4872
18029,ALBANIA,6865.8875,1069.2415
25019,ALBÁN,3571.8576,1011.3368
52019,ALBÁN,5191.6749,948.1689
76020,ALCALÁ,5736.8169,2031.3332
52022,ALDANA,3282.1823,1714.7268
05021,ALEJANDRÍA,3802.2707,801.982
47030,ALGARROBO,3799.0109,1424.5308
41020,ALGECIRAS,5769.8995,2612.9524
19022,ALMAGUER,1153.0908,393.8604
15022,ALMEIDA,3834.0076,477.5343
73024,ALPUJARRA,2053.994,278.6458
41026,ALTAMIRA,4225.588,2255.7952
27025,ALTO BAUDÓ,507.2724,278.4845
13030,ALTOS DEL ROSARIO,2240.3768,803.466
73026,ALVARADO,2478.9438,956.7838
05030,AMAGÁ,4570.8337,1419.2583
05031,AMALFI,3306.596,1176.0007
73030,AMBALEMA,2299.6716,1479.4516
25035,ANAPOIMA,10970.6499,1277.761
52036,ANCUYA,2316.8647,322.2333
76036,ANDALUCÍA,4876.5874,2213.1911
05034,ANDES,3240.949,924.2704
05036,ANGELÓPOLIS,2312.1646,702.8342
05038,ANGOSTURA,1630.0574,226.0671
25040,ANOLAIMA,3465.6911,1367.7749
05040,ANORÍ,1815.5726,966.5469
17042,ANSERMA,3760.9487,1630.6726
76041,ANSERMANUEVO,4059.8086,2696.9812
73043,ANZOÁTEGUI,1479.8634,523.7366
05044,ANZÁ,4862.8863,644.8482
05045,APARTADÓ,10832.4347,3385.7888
25599,APULO,4436.6287,741.0414
66045,APÍA,5368.0342,1252.6125
15047,AQUITANIA,2051.7481,611.5134
47053,ARACATACA,2560.8572,1653.4677
17050,ARANZAZU,4184.8973,1021.4572
68051,ARATOCA,4391.6208,1487.1878
81001,ARAUCA,8665.0034,3367.115
81065,ARAUQUITA,2975.503,1302.8949
25053,ARBELÁEZ,7694.8652,1531.6238
52051,ARBOLEDA,4877.6749,816.8504
54051,ARBOLEDAS,3130.8413,643.4781
05051,ARBOLETES,4424.7189,1353.3934
15051,ARCABUCO,5268.8199,1136.283
13042,ARENAL,2909.8617,1616.2436
76054,ARGELIA,5309.3142,1861.5507
05055,ARGELIA,2190.2669,195.5192
19050,ARGELIA,1555.1381,1216.6063
47058,ARIGUANÍ,3199.3567,1256.0287
13052,ARJONA,3975.3917,828.5475
63001,ARMENIA,16894.7649,3210.6978
05059,ARMENIA,1763.0174,172.7491
73055,ARMERO,4975.7097,1394.1191
13062,ARROYOHONDO,977.5832,390.9944
20032,ASTREA,2672.4293,1210.5042
73067,ATACO,1892.9415,1068.9042
27050,ATRATO,2508.2373,729.3146
23068,AYAPEL,1485.6023,1126.0456
27073,BAGADÓ,1417.1429,412.1811
27075,BAHÍA SOLANO,5932.0834,2022.4902
27077,BAJO BAUDÓ,602.3688,135.4915
19075,BALBOA,1641.9403,498.7251
66075,BALBOA,2923.5642,398.2429
08078,BARANOA,12994.2921,3457.9447
41078,BARAYA,3061.9756,940.7348
52079,BARBACOAS,1652.4237,762.4872
05079,"BARBOSA,ANTIOQUIA",5771.3622,1080.4
68077,"BARBOSA,SANTANDER",8123.4852,2129.4142
68079,BARICHARA,4284.3046,873.6657
50110,BARRANCA DE UPÍA,3908.7005,620.0431
68081,BARRANCABERMEJA,16822.2383,5059.0079
44078,BARRANCAS,9064.3238,2277.1953
13074,BARRANCO DE LOBA,2195.3395,863.1381
94343,BARRANCOMINAS (ANM),2959.4252,404.3478
08001,BARRANQUILLA,21154.6901,4311.2296
20045,BECERRIL,4300.8891,2436.3981
17088,BELALCÁZAR,3421.772,997.6216
05088,BELLO,12242.7151,2384.9672
05086,BELMIRA,3085.8807,485.8717
25086,BELTRÁN,1385.2119,0.0
52083,BELÉN,10591.7094,1284.1706
15087,BELÉN,4289.929,1534.185
18094,BELÉN DE LOS ANDAQUÍES,3410.3569,1318.2807
66088,BELÉN DE UMBRÍA,5709.918,1086.199
15090,BERBEO,2626.9139,0.0
05091,BETANIA,3147.8352,412.4249
05093,BETULIA,2094.1375,788.1257
68092,BETULIA,2817.3359,798.5688
15092,BETÉITIVA,1522.3222,179.7619
25095,BITUIMA,1864.4795,531.5316
15097,BOAVITA,7841.5535,1187.4836
54099,BOCHALEMA,4443.0765,1325.6483
11001,"BOGOTÁ, D.C.",22807.3993,3645.5785
25099,BOJACÁ,6804.4016,2372.959
27099,BOJAYÁ,1149.2421,195.5076
19100,BOLÍVAR,1380.9214,534.2527
76100,BOLÍVAR,2542.8228,616.5252
68101,BOLÍVAR,1896.069,423.3936
20060,BOSCONIA,7526.7311,3288.3005
15104,BOYACÁ,1706.5732,59.9206
15106,BRICEÑO,2252.0077,245.1613
05107,BRICEÑO,2512.9455,445.4103
68001,BUCARAMANGA,21921.2295,4612.5095
54109,BUCARASICA,2026.8599,818.5349
76109,BUENAVENTURA,4450.8345,2343.5043
63111,BUENAVISTA,5265.4375,572.3011
70110,BUENAVISTA,6234.2805,1142.0058
15109,BUENAVISTA,3708.7743,735.3186
23079,BUENAVISTA,2877.4097,1539.9358
19110,BUENOS AIRES,620.6466,496.4036
52110,BUESACO,4284.3406,1200.5717
76113,BUGALAGRANDE,6130.8041,1910.4441
05113,BURITICÁ,30251.4463,1320.823
15114,BUSBANZÁ,2664.8329,0.0
25120,CABRERA,3042.7345,594.1504
68121,CABRERA,1472.6285,160.6383
50124,CABUYARO,6355.9373,1969.0282
94886,CACAHUAL (ANM),6934.3684,1367.2414
25123,CACHIPAY,3979.1658,1336.319
05125,CAICEDO,2735.7772,824.1423
76122,CAICEDONIA,7958.2232,2203.8595
70124,CAIMITO,2276.0477,795.3141
73124,CAJAMARCA,4515.4818,2190.1658
19130,CAJIBÍO,1313.0487,786.6961
25126,CAJICÁ,20807.9816,2252.2674
13140,"CALAMAR,BOLIVAR",2107.1444,720.3867
95015,"CALAMAR,GUAVIARE",3449.365,288.7153
63130,CALARCÁ,7787.6908,1894.8244
05129,CALDAS,18834.736,2503.9476
15131,CALDAS,3892.4756,549.4266
19137,CALDONO,1017.3303,453.8741
76001,CALI,17295.1616,3113.0101
68132,CALIFORNIA,6624.6999,493.3333
76126,CALIMA,7727.712,1809.0928
19142,CALOTO,4303.3455,1193.6224
05134,CAMPAMENTO,1538.3748,394.216
08137,CAMPO DE LA CRUZ,7020.3728,1504.7056
41132,CAMPOALEGRE,6455.983,2565.9445
15135,CAMPOHERMOSO,987.9537,731.5372
23090,CANALETE,6292.412,1465.5801
76130,CANDELARIA,5187.1949,1808.9355
08141,CANDELARIA,5576.0386,1113.2083
13160,CANTAGALLO,2269.1396,337.3403
25148,CAPARRAPÍ,2030.9841,319.1831
68147,CAPITANEJO,7304.3134,1663.5007
05142,CARACOLÍ,2693.8077,1161.3302
05145,CARAMANTA,3040.1354,1847.3666
68152,CARCASÍ,2500.4319,1130.3986
05147,CAREPA,7277.1048,3523.6246
73148,CARMEN DE APICALÁ,2914.6459,1595.0517
25154,CARMEN DE CARUPA,4164.478,2021.0381
27150,CARMEN DEL DARIÉN,179.5515,80.0
05150,CAROLINA,4710.3101,606.2688
13001,CARTAGENA DE INDIAS,15739.6229,2371.3012
18150,CARTAGENA DEL CHAIRÁ,3315.1651,2192.1527
76147,CARTAGO,9384.1174,2907.0338
97161,CARURÚ,3205.0156,0.0
73152,CASABIANCA,1763.6618,849.3486
50150,CASTILLA LA NUEVA,8121.7274,1626.0957
05154,CAUCASIA,7347.0222,3598.4295
05138,CAÑASGORDAS,3063.3172,1410.8451
68160,CEPITÁ,1497.8118,0.0
23162,CERETÉ,7515.8358,2351.9385
15162,CERINZA,4176.6022,1092.2043
68162,CERRITO,6267.8272,1648.8482
47161,CERRO DE SAN ANTONIO,2839.2092,586.9784
52240,CHACHAGÜÍ,4661.2798,1604.4439
25168,CHAGUANÍ,4830.2549,519.2487
70230,CHALÁN,4360.0039,599.8405
73168,CHAPARRAL,6220.0435,1575.5375
68167,CHARALÁ,5617.8897,1530.1755
68169,CHARTA,1798.3548,326.2376
05172,CHIGORODÓ,5971.0549,3151.3221
68176,CHIMA,2266.181,415.7143
20175,CHIMICHAGUA,1843.8715,792.3092
23168,CHIMÁ,2973.1834,640.6437
15172,CHINAVITA,2239.4319,0.0
17174,CHINCHINÁ,9656.5029,2534.0287
54172,CHINÁCOTA,5960.2881,2551.8785
23182,CHINÚ,6522.7733,1294.0397
25178,CHIPAQUE,4503.3039,2123.9051
68179,CHIPATÁ,3476.3906,480.0744
15176,CHIQUINQUIRÁ,13475.1689,2959.0155
20178,CHIRIGUANÁ,3818.672,1662.5004
15180,CHISCAS,903.8339,908.978
15183,CHITA,3025.4235,1008.3181
54174,CHITAGÁ,2276.2821,1467.3059
15185,CHITARAQUE,3968.7803,568.1037
15187,CHIVATÁ,2568.4671,433.0645
47170,CHIVOLO,3151.051,1371.6969
15236,CHIVOR,2622.0683,265.7143
25181,CHOACHÍ,5964.5031,1320.4306
25183,CHOCONTÁ,5816.9848,1479.2139
85015,CHÁMEZA,7111.0796,1836.8571
25175,CHÍA,20347.5768,2191.0944
15232,CHÍQUIZA,2054.1783,1388.1077
13188,CICUCO,3880.8153,186.764
68190,CIMITARRA,3140.178,2264.5913
63190,CIRCASIA,6118.2234,1772.9841
05190,CISNEROS,7351.0703,1981.9347
05101,CIUDAD BOLÍVAR,10128.5774,1447.8857
47189,CIÉNAGA,6547.9859,4440.274
23189,CIÉNAGA DE ORO,5924.7731,1492.964
15189,CIÉNEGA,2517.6694,833.0516
13222,CLEMENCIA,1442.51,518.7384
05197,COCORNÁ,4779.99,1035.7213
73200,COELLO,1096.9214,725.2309
25200,COGUA,9255.0989,2318.0919
41206,COLOMBIA,2711.237,589.6255
70204,COLOSÓ,5440.3506,988.2863
52203,COLÓN,8079.2189,1101.6123
86219,COLÓN,6695.0759,1454.4524
05206,"CONCEPCIÓN,ANTIOQUIA",5838.1628,712.2781
68207,"CONCEPCIÓN,SANTANDER",4655.7894,1101.1674
47205,CONCORDIA,2729.2242,981.7192
05209,CONCORDIA,2022.6346,783.0499
27205,CONDOTO,2550.0466,1243.7392
68209,CONFINES,3212.9553,1311.7986
52207,CONSACÁ,3076.3037,452.8108
52210,CONTADERO,4769.1722,815.4555
68211,CONTRATACIÓN,7887.0142,1417.0294
54206,CONVENCIÓN,1569.3365,1344.8818
05212,COPACABANA,10437.5895,1740.0808
15212,COPER,1510.2428,391.8071
19212,CORINTO,2103.6326,1437.649
68217,COROMORO,2609.9836,959.2792
70215,COROZAL,7241.231,1792.8419
15215,CORRALES,3181.8417,0.0
25214,COTA,12387.2838,1442.9321
23300,COTORRA,5982.5134,1479.0813
15218,COVARACHÍA,5664.9501,1264.1853
70221,COVEÑAS,6776.5444,1279.7061
73217,COYAIMA,2923.6773,1965.3725
81220,CRAVO NORTE,5533.6753,2270.994
52224,CUASPUD CARLOSAMA,2475.0578,484.2343
50223,CUBARRAL,3351.1041,1256.4831
15223,CUBARÁ,3137.1435,609.0254
15224,CUCAITA,2392.2995,188.75
25224,CUCUNUBÁ,4813.3857,1530.1467
54223,CUCUTILLA,1914.6352,847.9368
50226,CUMARAL,5814.0439,1194.7648
99773,CUMARIBO,621.0816,363.305
52227,CUMBAL,2777.7642,1236.8589
52233,CUMBITARA,3622.0078,630.1324
73226,CUNDAY,2383.4069,839.9099
18205,CURILLO,3041.6364,2034.0063
68229,CURITÍ,3426.6052,1137.8213
20228,CURUMANÍ,3997.0662,1619.7015
15226,CUÍTIVA,2805.9794,578.3969
05120,CÁCERES,3319.9531,1354.9902
54128,CÁCHIRA,1864.8104,1034.6674
54125,CÁCOTA,5529.9359,1130.8858
25151,CÁQUEZA,6288.9956,2157.4397
27160,CÉRTEGUI,2783.7374,274.3144
15204,CÓMBITA,7982.1299,1497.1894
52215,CÓRDOBA,2595.0162,948.3004
63212,CÓRDOBA,3836.1844,403.9466
13212,CÓRDOBA,3068.8356,710.8955
54001,CÚCUTA,9695.9235,4229.8088
05234,DABEIBA,8779.1634,1691.8156
76233,DAGUA,4211.7624,1486.2489
44090,DIBULLA,1851.6364,1003.3965
44098,DISTRACCIÓN,6791.462,2866.8846
73236,DOLORES,3708.4116,1687.2336
05237,DONMATÍAS,7743.9821,1454.3116
66170,DOSQUEBRADAS,9168.1428,1566.8095
15238,DUITAMA,16673.9218,3192.149
54239,DURANIA,3339.5623,291.9523
05240,EBÉJICO,3605.6792,831.3789
05250,EL BAGRE,5766.2424,2581.3015
47245,EL BANCO,3858.5166,1966.424
76246,EL CAIRO,3091.9874,836.6617
50245,EL CALVARIO,4959.9109,359.5238
27135,EL CANTÓN DEL SAN PABLO,2123.7894,1131.1287
54245,EL CARMEN,1109.2434,908.5386
27245,EL CARMEN DE ATRATO,9981.2531,1441.4596
13244,EL CARMEN DE BOLÍVAR,3717.0799,1288.6973
68235,EL CARMEN DE CHUCURI,1994.082,869.4989
05148,EL CARMEN DE VIBORAL,8338.8262,1759.2654
50251,EL CASTILLO,2115.8366,974.5249
76248,EL CERRITO,5964.3799,2125.5789
52250,EL CHARCO,1659.2465,675.5847
15244,EL COCUY,2613.4553,2199.5246
25245,EL COLEGIO,6081.5448,1570.4981
20238,EL COPEY,4647.3385,1539.859
18247,EL DONCELLO,3986.5161,1422.7599
50270,EL DORADO,1282.3241,1660.861
76250,EL DOVIO,5600.4773,1668.9552
91263,EL ENCANTO (ANM),374.6606,0.0
15248,EL ESPINO,2365.1504,1264.8501
68245,EL GUACAMAYO,2472.0474,620.3878
13248,EL GUAMO,3512.2303,590.166
27250,EL LITORAL DEL SAN JUAN,184.9597,63.0508
44110,EL MOLINO,8275.6211,2832.7627
20250,EL PASO,5526.514,1710.5471
18256,EL PAUJÍL,2624.6469,971.9903
52254,EL PEÑOL,4877.5065,673.6989
25258,EL PEÑÓN,865.9673,0.0
13268,EL PEÑÓN,2291.0119,641.6838
68250,EL PEÑÓN,1320.5015,520.0303
47258,EL PIÑÓN,2254.574,595.664
68255,EL PLAYÓN,2467.6508,1846.3708
95025,EL RETORNO,2915.7535,1090.3657
47268,EL RETÉN,3002.8555,1701.6588
70233,EL ROBLE,1894.5601,722.0394
25260,EL ROSAL,6868.5101,1637.878
52256,EL ROSARIO,2762.1622,1009.7762
05697,EL SANTUARIO,8578.042,1712.4964
52258,EL TABLÓN DE GÓMEZ,3103.8971,934.8976
52260,EL TAMBO,4791.6769,654.8031
19256,EL TAMBO,2352.216,739.2598
54250,EL TARRA,1370.0272,1339.7838
54261,EL ZULIA,4963.1734,2608.7194
76243,EL ÁGUILA,2397.0174,547.6434
41244,ELÍAS,3679.7897,1292.5686
68264,ENCINO,2442.3299,364.7059
68266,ENCISO,6330.8105,1191.6971
05264,ENTRERRÍOS,6182.1508,1783.1466
05266,ENVIGADO,14409.3961,1928.6511
73268,ESPINAL,9217.1175,3612.7142
25269,FACATATIVÁ,9147.4016,2656.8408
73270,FALAN,2742.1997,1159.0012
17272,FILADELFIA,4404.5755,970.3264
63272,FILANDIA,5605.0599,1270.7867
15272,FIRAVITOBA,4727.7827,868.5183
73275,FLANDES,4456.2026,2339.1192
19290,FLORENCIA,2778.9987,755.8755
18001,FLORENCIA,10936.2915,4875.8882
15276,FLORESTA,3755.2029,998.0905
76275,FLORIDA,4828.4698,3037.7716
68276,FLORIDABLANCA,12836.5028,3882.4539
68271,FLORIÁN,1582.9416,384.8581
44279,FONSECA,6518.8594,2303.7074
81300,FORTUL,3283.9582,1991.993
25281,FOSCA,2930.9393,715.2094
52520,FRANCISCO PIZARRO,816.267,364.8927
05282,FREDONIA,5809.0813,1290.2944
73283,FRESNO,4249.3418,1141.4556
05284,FRONTINO,3062.9135,1274.6693
50287,FUENTEDEORO,3611.4451,2065.3118
47288,FUNDACIÓN,5473.2321,3062.877
52287,FUNES,3615.9682,537.4909
25286,FUNZA,12567.6287,2905.0423
25290,FUSAGASUGÁ,11797.2619,2727.33
25279,FÓMEQUE,4107.2467,945.1959
25288,FÚQUENE,5394.3667,1053.9313
25293,GACHALÁ,4867.4083,274.1364
25295,GACHANCIPÁ,10011.5645,2028.6747
15293,GACHANTIVÁ,4679.4335,1525.9896
25297,GACHETÁ,5776.1336,1316.9072
08296,GALAPA,11938.2957,3937.4688
70235,GALERAS,4096.1568,795.1971
68296,GALÁN,1470.4313,397.3684
25299,GAMA,3189.4212,553.8341
20295,GAMARRA,1822.5016,1328.167
15299,GARAGOA,9010.0989,2198.2329
41298,GARZÓN,7870.3071,2522.3648
41306,GIGANTE,5192.2753,1924.3199
76306,GINEBRA,4899.2034,1277.0438
05306,GIRALDO,5880.6799,821.3011
25307,GIRARDOT,15489.0916,3826.9585
05308,GIRARDOTA,7838.5808,1519.1249
68307,GIRÓN,9342.3663,3235.7587
20310,GONZÁLEZ,3809.7472,1112.4172
54313,GRAMALOTE,3000.7083,423.2045
25312,GRANADA,4239.7918,1231.9852
05313,GRANADA,2680.0784,1254.006
50313,GRANADA,6892.3294,2830.969
68318,GUACA,3615.1333,1278.1941
15317,GUACAMAYAS,2123.3495,0.0
76318,GUACARÍ,6419.7648,1886.8689
19300,GUACHENÉ,2153.6022,746.7665
25317,GUACHETÁ,6118.1982,1299.1624
52317,GUACHUCAL,2513.9372,1127.9445
76111,GUADALAJARA DE BUGA,11379.268,2558.3314
41319,GUADALUPE,3744.475,1876.8839
05315,GUADALUPE,1842.7815,246.4691
68320,GUADALUPE,2334.4957,222.0588
25320,GUADUAS,5819.4324,1555.6198
52320,GUAITARILLA,2651.915,893.8462
52323,GUALMATÁN,2816.9484,729.8799
47318,GUAMAL,3098.0905,1384.171
50318,GUAMAL,4714.6821,1168.3114
73319,GUAMO,4779.0955,1738.3709
19318,GUAPI,1371.8095,843.7892
68322,GUAPOTÁ,4180.0808,0.0
70265,GUARANDA,2159.1318,1028.8817
05318,GUARNE,9668.4953,1646.0606
25322,GUASCA,5609.3652,1156.0067
05321,GUATAPÉ,6756.6912,910.654
25324,GUATAQUÍ,3635.2576,182.716
25326,GUATAVITA,6621.1076,974.2854
15322,GUATEQUE,9858.6784,1993.2845
68324,GUAVATÁ,3643.6888,1327.5443
25328,GUAYABAL DE SÍQUIMA,3001.573,441.5408
25335,GUAYABETAL,2926.9202,934.6997
15325,GUAYATÁ,2594.7825,509.3148
25339,GUTIÉRREZ,1902.3362,985.8176
66318,GUÁTICA,2994.7936,878.0511
68298,GÁMBITA,1648.8129,648.0799
15296,GÁMEZA,2219.53,1535.9039
63302,GÉNOVA,4050.3953,820.492
05310,GÓMEZ PLATA,3484.2083,284.485
68327,GÜEPSA,3443.3071,1465.547
15332,GÜICÁN DE LA SIERRA,3635.5489,778.4997
54344,HACARÍ,875.5001,450.2177
13300,HATILLO DE LOBA,1370.3155,527.3957
68344,HATO,2789.5655,573.2585
85125,HATO COROZAL,4914.4659,935.9274
44378,HATONUEVO,4641.9251,1275.4409
05347,HELICONIA,4251.5607,1386.8655
54347,HERRÁN,2544.0203,436.1121
73347,HERVEO,1650.9229,669.5995
05353,HISPANIA,4719.0276,957.3321
41349,HOBO,4470.2344,2497.538
73349,HONDA,6703.2627,3889.8991
73001,IBAGUÉ,16055.2951,2891.9172
73352,ICONONZO,1914.8571,1028.4954
52352,ILES,3578.5619,1091.6869
52354,IMUÉS,3896.7704,709.6238
19355,INZÁ,1137.1623,375.7114
94001,INÍRIDA,8638.6366,1553.4478
52356,IPIALES,8227.9189,3193.7055
41359,ISNOS,4341.1124,2710.8316
27361,ISTMINA,3530.4945,1229.1582
05360,ITAGÜÍ,17382.9733,2488.8245
05361,ITUANGO,4995.8415,684.9422
15362,IZA,7711.9467,816.5072
19364,JAMBALÓ,519.7036,329.6309
76364,JAMUNDÍ,7213.021,1738.526
05364,JARDÍN,6338.1191,993.6006
15367,JENESANO,2574.1954,796.1246
05368,JERICÓ,4496.7139,564.7355
15368,JERICÓ,1381.645,300.0283
25368,JERUSALÉN,1399.4722,540.1449
68368,JESÚS MARÍA,2036.9799,114.3939
68370,JORDÁN,2455.2435,2704.2398
08372,JUAN DE ACOSTA,8014.3546,1493.48
25372,JUNÍN,2438.8561,445.1646
27372,JURADÓ,287.652,0.0
23350,LA APARTADA,3385.9659,1789.0124
41378,LA ARGENTINA,2931.526,1008.0649
68377,LA BELLEZA,4029.7973,1644.9005
25377,LA CALERA,11666.6841,1557.1282
15380,LA CAPILLA,3082.3507,0.0
05376,LA CEJA,10139.3819,2363.1183
66383,LA CELIA,3705.0413,1232.7238
91405,LA CHORRERA (ANM),1707.287,1254.784
52378,LA CRUZ,7443.8511,1036.0072
76377,LA CUMBRE,4539.0623,913.6424
17380,LA DORADA,8255.4708,3225.9786
54385,LA ESPERANZA,1991.0752,530.2568
05380,LA ESTRELLA,10259.7063,1302.4079
52381,LA FLORIDA,3920.0386,709.6696
20383,LA GLORIA,2656.6707,1280.203
94885,LA GUADALUPE (ANM),,
20400,LA JAGUA DE IBIRICO,5128.5728,2411.5687
44420,LA JAGUA DEL PILAR,9317.8577,1793.5175
52385,LA LLANADA,2919.908,1754.487
50350,LA MACARENA,608.4089,512.8739
17388,LA MERCED,2938.3237,339.0388
25386,LA MESA,9600.7055,1342.2424
18410,LA MONTAÑITA,2568.8447,1501.8208
25394,LA PALMA,2913.6087,530.4246
20621,"LA PAZ,CESAR",5263.2335,1562.1494
68397,"LA PAZ,SANTANDER",3936.0379,790.0257
91407,LA PEDRERA (ANM),4047.9448,2526.6249
25398,LA PEÑA,1636.7105,119.5768
05390,LA PINTADA,6565.243,1329.7644
41396,LA PLATA,3120.727,1757.4117
54398,LA PLAYA,2296.0704,707.3436
99524,LA PRIMAVERA,2597.2953,1251.3452
85136,LA SALINA,5394.5447,701.0638
19392,LA SIERRA,3228.5916,598.9816
63401,LA TEBAIDA,5479.6181,2044.3461
52390,LA TOLA,2025.7247,153.4722
70400,LA UNIÓN,3337.7439,805.9597
76400,LA UNIÓN,6013.4238,2409.6095
05400,LA UNIÓN,7849.8268,2532.3332
52399,LA UNIÓN,9120.7969,2436.7694
15403,LA UVITA,6333.8964,568.0618
19397,LA VEGA,1191.6155,518.6239
25402,LA VEGA,7102.6712,1577.8076
15401,LA VICTORIA,1797.5308,0.0
76403,LA VICTORIA,6454.544,2171.7691
91430,LA VICTORIA (ANM),0.0,0.0
66400,LA VIRGINIA,9185.1587,2416.6807
54377,LABATECA,3275.1193,589.2627
15377,LABRANZAGRANDE,3098.5916,821.9827
68385,LANDÁZURI,2439.1158,940.8701
68406,LEBRIJA,3836.6135,2362.5931
52405,LEIVA,2108.1561,1334.0535
50400,LEJANÍAS,1676.2431,866.4964
25407,LENGUAZAQUE,3768.7506,921.2475
91001,LETICIA,16861.2526,7644.3245
05411,LIBORINA,3319.1898,1189.4572
52411,LINARES,5456.4521,1146.9577
27413,LLORÓ,3363.5209,243.7484
23417,LORICA,5416.7886,2002.0262
52418,LOS ANDES,2791.7116,962.512
23419,LOS CÓRDOBAS,1992.188,836.5435
70418,LOS PALMITOS,4911.6715,654.6704
54405,LOS PATIOS,9905.7816,4023.8415
68418,LOS SANTOS,2309.6123,1310.8872
54418,LOURDES,4208.0513,1399.4257
08421,LURUACO,3294.5579,1260.7874
73408,LÉRIDA,3525.5824,2224.3082
73411,LÍBANO,6693.2982,2023.7155
19418,LÓPEZ DE MICAY,378.7287,255.4652
15425,MACANAL,2877.3862,239.0151
68425,MACARAVITA,1434.5109,0.0
05425,MACEO,3915.7982,1005.1253
25426,MACHETÁ,3074.366,847.4505
25430,MADRID,10660.9032,3016.922
13430,MAGANGUÉ,7708.874,1204.3977
52427,MAGÜÍ,1233.9068,224.7513
13433,MAHATES,1585.2405,229.1485
44430,MAICAO,7150.0398,4321.0573
70429,MAJAGUAL,1232.5261,739.6091
08433,MALAMBO,7523.0941,3220.069
52435,MALLAMA,2260.2937,1313.8077
08436,MANATÍ,6506.8217,1601.2955
44560,MANAURE,1538.6378,1029.8172
20443,MANAURE BALCÓN DEL CESAR,4101.3891,1589.8924
17001,MANIZALES,17551.6617,1926.0378
25436,MANTA,3688.5226,453.5286
17433,MANZANARES,4860.0113,1055.5427
85139,MANÍ,7016.5123,2064.0345
94663,MAPIRIPANA (ANM),,
50325,MAPIRIPÁN,2471.1667,576.9632
13440,MARGARITA,2027.1365,639.2024
05440,MARINILLA,10822.208,2398.3094
15442,MARIPÍ,2389.1217,482.572
17442,MARMATO,8271.1357,1577.9905
17444,MARQUETALIA,4671.2891,1603.6246
66440,MARSELLA,2264.516,764.2744
17446,MARULANDA,5184.095,251.6667
13442,MARÍA LA BAJA,2475.6888,216.5103
68444,MATANZA,2489.5702,1294.3037
05001,MEDELLÍN,20320.262,3454.3258
25438,MEDINA,4310.4572,1545.1304
27425,MEDIO ATRATO,139.8532,0.0
27430,MEDIO BAUDÓ,367.2726,127.0602
27450,MEDIO SAN JUAN,892.6039,264.2442
73449,MELGAR,9868.5904,2393.9422
19450,MERCADERES,1568.7366,601.9079
50330,MESETAS,2468.9079,868.6925
18460,MILÁN,2063.9205,1010.8436
95200,MIRAFLORES,4005.9805,823.6086
15455,MIRAFLORES,7303.6998,1613.4241
19455,MIRANDA,3108.6886,1600.5536
91460,MIRITÍ - PARANÁ (ANM),1689.8806,0.0
66456,MISTRATÓ,2061.8829,878.6205
97001,MITÚ,7381.1564,1011.4403
86001,MOCOA,10471.9931,3029.3717
68464,MOGOTES,3310.2627,1643.1078
68468,MOLAGAVITA,1231.095,397.0652
23464,MOMIL,4002.9604,1146.6652
15464,MONGUA,1817.1996,930.7271
15466,MONGUÍ,6392.8375,2311.2763
15469,MONIQUIRÁ,9877.4597,1777.7362
05467,MONTEBELLO,5100.3496,359.5793
13458,MONTECRISTO,676.6025,139.1972
23466,MONTELÍBANO,6663.7934,1917.7127
63470,MONTENEGRO,6978.9058,2120.5748
85162,MONTERREY,9229.8281,3317.5768
23001,MONTERÍA,12363.2826,3673.4078
19473,MORALES,1469.6457,602.412
13473,MORALES,608.9458,769.0476
18479,MORELIA,3752.7667,2349.2123
94888,MORICHAL (ANM),140.9259,0.0
70473,MORROA,4842.2599,803.3444
52473,MOSQUERA,1320.5844,464.9591
25473,MOSQUERA,11227.3846,2927.6312
15476,MOTAVITA,3667.921,2203.5476
23500,MOÑITOS,2291.249,638.961
73461,MURILLO,1521.2782,790.838
05475,MURINDÓ,3437.3603,279.2373
05480,MUTATÁ,5109.5367,2860.5921
54480,MUTISCUA,2675.7481,838.4286
15480,MUZO,6174.3794,826.4478
68432,MÁLAGA,12244.1828,2401.7488
52480,NARIÑO,7291.379,1498.7581
05483,NARIÑO,3500.9158,942.1596
25483,NARIÑO,3615.0325,829.2243
73483,NATAGAIMA,3057.177,1479.3217
05495,NECHÍ,2193.9278,1471.6344
05490,NECOCLÍ,3258.9458,2021.3498
17486,NEIRA,5206.7419,1543.9963
41001,NEIVA,17538.7199,4907.4331
25486,NEMOCÓN,8332.6657,3297.8354
25488,NILO,17436.6805,1750.5368
25489,NIMAIMA,4242.5546,651.3715
15491,NOBSA,9563.5535,1201.9357
25491,NOCAIMA,4439.4212,809.7667
17495,NORCASIA,5261.4627,2723.2587
13490,NOROSÍ,2173.414,462.0606
47460,NUEVA GRANADA,2733.5296,847.6609
15494,NUEVO COLÓN,1662.776,617.7817
85225,NUNCHÍA,2665.6193,1415.8209
27495,NUQUÍ,2753.6445,355.7817
41483,NÁTAGA,2651.6129,1838.3775
27491,NÓVITA,2103.2265,338.8681
76497,OBANDO,5961.5286,3178.2339
68498,OCAMONTE,2081.5551,365.4761
54498,OCAÑA,7070.8011,2301.1742
68500,OIBA,4820.7697,953.3664
15500,OICATÁ,3754.4076,722.7772
05501,OLAYA,4717.6716,671.9998
52490,OLAYA HERRERA,1293.3127,803.0881
68502,ONZAGA,3794.8408,906.1116
41503,OPORAPA,3086.5672,1532.9708
86320,ORITO,6676.5348,3288.576
85230,OROCUÉ,3632.723,1576.6398
73504,ORTEGA,1970.1473,896.9098
52506,OSPINA,3242.0618,1179.3578
15507,OTANCHE,2723.0858,1025.5125
70508,OVEJAS,4331.1222,1021.6105
15511,PACHAVITA,2231.7956,414.6434
25513,PACHO,6821.2704,1400.5696
97511,PACOA (ANM),4913.0669,0.0
19513,PADILLA,1073.9898,1007.1632
41518,PAICOL,3590.5598,1290.2668
20517,PAILITAS,4197.1185,1701.3215
25518,PAIME,2652.7341,138.3178
15516,PAIPA,11454.6913,2190.6401
15518,PAJARITO,3826.5865,1074.7959
41524,PALERMO,6084.7239,1227.65
41530,PALESTINA,1947.971,1267.2554
17524,PALESTINA,3490.767,2222.7969
68522,PALMAR,5691.307,1801.1654
08520,PALMAR DE VARELA,10741.0159,2715.6306
68524,PALMAS DEL SOCORRO,2745.9943,1007.8571
76520,PALMIRA,8191.9416,2920.964
70523,PALMITO,1962.9816,317.4687
73520,PALOCABILDO,2103.4863,1373.4365
54518,PAMPLONA,11873.045,3642.9862
54520,PAMPLONITA,3229.0934,1442.0695
94887,PANA PANA (ANM),911.248,0.0
25524,PANDI,2540.3682,617.7969
15522,PANQUEBA,3013.1158,890.9031
97777,PAPUNAHUA (ANM),253.6667,0.0
25530,PARATEBUENO,3042.6301,1364.3605
25535,PASCA,2248.8449,363.1078
52001,PASTO,14411.886,3425.78
19532,PATÍA,3778.712,1213.5427
15531,PAUNA,1768.734,611.1653
15533,PAYA,1566.3063,368.2927
85250,PAZ DE ARIPORO,6729.6036,2526.0268
15537,PAZ DE RÍO,6077.6782,1312.4733
47541,PEDRAZA,3113.1644,1066.0664
20550,PELAYA,1860.4496,814.4378
17541,PENSILVANIA,3629.3494,741.505
05543,PEQUE,4983.5519,1040.5414
66001,PEREIRA,14473.7599,2441.402
15542,PESCA,2856.2174,713.4493
05541,PEÑOL,7566.829,1741.574
19533,PIAMONTE,1697.9299,765.3667
68547,PIEDECUESTA,9691.7168,3082.2481
73547,PIEDRAS,3600.994,938.5323
19548,PIENDAMÓ - TUNÍA,3750.9713,1486.1323
63548,PIJAO,6449.4212,1198.4799
47545,PIJIÑO DEL CARMEN,3039.1135,899.5545
68549,PINCHOTE,3838.4103,406.3867
13549,PINILLOS,3231.0048,571.2943
08549,PIOJÓ,4103.9734,1103.0224
15550,PISBA,2197.7771,0.0
41548,PITAL,2554.0731,601.3071
41551,PITALITO,8952.2078,4394.2887
47551,PIVIJAY,5067.5517,1276.4938
73555,PLANADAS,1632.1127,1415.5301
23555,PLANETA RICA,5276.9227,1547.9185
47555,PLATO,5122.6614,1797.7411
52540,POLICARPA,4563.2415,1295.4619
08558,POLONUEVO,10392.8016,2310.5992
08560,PONEDERA,5758.8356,1672.7964
19001,POPAYÁN,14261.5928,1842.7519
85263,PORE,4511.779,2681.4111
52560,POTOSÍ,2641.7906,1296.8415
76563,PRADERA,4108.931,2143.3165
73563,PRADO,2420.354,1430.4373
88564,PROVIDENCIA,9663.8008,1259.1416
52565,"PROVIDENCIA,NARIÑO",1664.2451,337.4302
20570,PUEBLO BELLO,2280.2207,1153.7029
23570,PUEBLO NUEVO,5593.0509,912.6391
66572,PUEBLO RICO,2706.8754,427.2681
05576,PUEBLORRICO,3951.5906,511.2124
47570,PUEBLOVIEJO,2122.4683,1947.9487
68572,PUENTE NACIONAL,4047.3884,1142.2558
52573,PUERRES,5439.3403,1337.5453
91530,PUERTO ALEGRÍA (ANM),1296.728,0.0
91536,PUERTO ARICA (ANM),1888.7615,0.0
86568,PUERTO ASÍS,6797.8182,4149.0428
05579,PUERTO BERRÍO,6888.4908,2007.6135
15572,PUERTO BOYACÁ,10092.6534,3205.4477
86569,PUERTO CAICEDO,6112.7447,1355.5965
99001,PUERTO CARREÑO,14217.3606,3525.282
08573,PUERTO COLOMBIA,15671.401,4236.9083
94884,PUERTO COLOMBIA (ANM),793.9047,0.0
50450,PUERTO CONCORDIA,1757.7983,1494.413
23574,PUERTO ESCONDIDO,2043.8417,420.9995
50568,PUERTO GAITÁN,14654.9423,2119.5866
86571,PUERTO GUZMÁN,1767.1104,965.0204
86573,PUERTO LEGUÍZAMO,1557.4703,2000.4085
23580,PUERTO LIBERTADOR,2693.3583,1605.2428
50577,PUERTO LLERAS,1897.8099,1209.9291
50573,PUERTO LÓPEZ,7792.176,2899.5164
05585,PUERTO NARE,2492.3861,1261.5974
91540,PUERTO NARIÑO,2358.0147,1552.2562
68573,PUERTO PARRA,1949.6283,1073.7694
18592,PUERTO RICO,2983.1499,1162.8586
50590,PUERTO RICO,1899.6293,1210.5926
81591,PUERTO RONDÓN,4437.4298,1566.5036
25572,PUERTO SALGAR,5459.5442,1754.1349
54553,PUERTO SANTANDER,6439.7747,4141.6353
91669,PUERTO SANTANDER (ANM),586.6176,314.5833
19573,PUERTO TEJADA,4826.3824,1809.55
05591,PUERTO TRIUNFO,2345.2681,1018.7057
68575,PUERTO WILCHES,1920.8116,1505.4277
25580,PULÍ,923.6417,155.0
52585,PUPIALES,4644.0182,1325.607
19585,PURACÉ,1958.5457,563.484
73585,PURIFICACIÓN,3844.8871,1943.1362
23586,PURÍSIMA DE LA CONCEPCIÓN,2111.4921,690.6336
17513,PÁCORA,6212.7927,1162.2296
15514,PÁEZ,2063.4839,0.0
19517,PÁEZ,1056.382,550.7325
68533,PÁRAMO,5836.038,784.0873
25592,QUEBRADANEGRA,3468.3136,448.7672
25594,QUETAME,3738.7017,1705.8809
27001,QUIBDÓ,10261.0022,2278.8054
63594,QUIMBAYA,7044.4572,1768.0273
66594,QUINCHÍA,2307.9865,655.3375
25596,QUIPILE,1907.3677,518.7169
15580,QUÍPAMA,3333.7689,995.2781
54599,RAGONVALIA,6727.4998,1927.0638
15599,RAMIRIQUÍ,5307.5077,1450.2433
85279,RECETOR,2668.6094,338.1818
13580,REGIDOR,1715.9149,582.5237
05604,REMEDIOS,8136.0199,1622.5534
47605,REMOLINO,3095.9111,845.869
08606,REPELÓN,3796.927,900.2249
50606,RESTREPO,7706.9142,1693.2249
76606,RESTREPO,6620.3469,1988.6053
05607,RETIRO,10092.1279,1345.689
25612,RICAURTE,6260.036,1410.063
52612,RICAURTE,1297.0385,1106.0681
73616,RIOBLANCO,1706.19,1055.9146
76616,RIOFRÍO,3052.1209,1849.4758
44001,RIOHACHA,13695.8031,3568.0645
68615,RIONEGRO,3586.13,1442.2874
05615,RIONEGRO,23543.827,2401.9814
27615,RIOSUCIO,550.6518,308.46
17614,RIOSUCIO,3058.2129,1785.8798
17616,RISARALDA,3271.4988,931.2158
41615,RIVERA,6381.7407,1598.9775
52621,ROBERTO PAYÁN,689.09,218.6057
76622,ROLDANILLO,13989.8108,2920.8968
73622,RONCESVALLES,2517.4462,734.2164
15621,RONDÓN,707.1218,0.0
19622,ROSAS,2578.9377,349.7428
73624,ROVIRA,2346.805,1484.9623
15600,RÁQUIRA,2362.1607,568.0581
20614,RÍO DE ORO,2726.6655,922.9682
27580,RÍO IRÓ,982.6437,176.1905
27600,RÍO QUITO,1701.5895,777.4656
13600,RÍO VIEJO,2223.1028,512.1743
68655,SABANA DE TORRES,5069.6718,2064.1506
08634,SABANAGRANDE,9276.1459,2268.8309
05628,SABANALARGA,2428.8887,1094.4268
85300,SABANALARGA,3807.2484,0.0
08638,"SABANALARGA,ATLÁNTICO",12329.2113,2425.4358
47660,SABANAS DE SAN ÁNGEL,2769.7253,546.3055
05631,SABANETA,15131.0131,2036.2484
15632,SABOYÁ,2069.6468,568.324
23660,SAHAGÚN,6217.314,1688.2473
41660,SALADOBLANCO,3062.3165,1332.708
47675,SALAMINA,6804.777,1089.3878
17653,SALAMINA,3990.4842,1077.4854
54660,SALAZAR,4141.7307,829.2122
73671,SALDAÑA,3513.6828,2423.9949
63690,SALENTO,6284.0581,1050.2142
05642,SALGAR,3651.0476,630.626
15646,SAMACÁ,9907.2237,2758.3575
52678,SAMANIEGO,3086.2263,1045.3943
17662,SAMANÁ,3031.3595,930.8861
70670,SAMPUÉS,3164.6234,1210.601
41668,SAN AGUSTÍN,5084.6277,2544.255
20710,SAN ALBERTO,4880.7377,2547.6581
05647,SAN ANDRÉS DE CUERQUÍA,3901.8873,529.7523
23670,SAN ANDRÉS DE SOTAVENTO,2966.3669,977.8874
52835,SAN ANDRÉS DE TUMACO,2471.4874,1225.7305
88001,"SAN ANDRÉS, ARCHIPIÉLAGO DE SAN ANDRÉS, PROVIDENCIA Y SANTA CATALINA",16334.1806,2433.6879
68669,"SAN ANDRÉS, SANTANDER",4933.4325,1249.1776
23672,SAN ANTERO,3752.7692,952.6129
73675,SAN ANTONIO,1825.2943,721.8236
25645,SAN ANTONIO DEL TEQUENDAMA,3464.2484,792.01
68673,SAN BENITO,1910.1573,336.9841
70678,SAN BENITO ABAD,1380.5807,411.9747
52685,SAN BERNARDO,2895.1236,1033.9264
25649,SAN BERNARDO,1584.3812,664.2371
23675,SAN BERNARDO DEL VIENTO,2378.8112,637.9246
54670,SAN CALIXTO,901.705,697.9339
05649,SAN CARLOS,4032.5383,1075.3252
23678,SAN CARLOS,2697.5378,1019.0503
50680,SAN CARLOS DE GUAROA,4370.0174,1466.4212
25653,SAN CAYETANO,1477.3876,612.6038
54673,SAN CAYETANO,5304.9875,1529.9762
13620,SAN CRISTÓBAL,3962.1329,506.7746
20750,SAN DIEGO,5648.9966,1561.8433
15660,SAN EDUARDO,1119.8628,335.5556
13647,SAN ESTANISLAO,1322.8875,360.4635
94883,SAN FELIPE (ANM),1304.5855,994.4444
13650,SAN FERNANDO,677.8037,424.26
25658,SAN FRANCISCO,3495.9366,798.266
05652,SAN FRANCISCO,3407.5171,1108.7417
86755,SAN FRANCISCO,5021.5079,808.3933
68679,SAN GIL,14502.8879,3415.5834
13654,SAN JACINTO,4233.2323,591.9082
13655,SAN JACINTO DEL CAUCA,819.1992,666.9272
05656,SAN JERÓNIMO,4782.1765,1307.0457
68682,SAN JOAQUÍN,4084.7259,763.3333
17665,SAN JOSÉ,3385.389,968.6358
05658,SAN JOSÉ DE LA MONTAÑA,5220.6805,591.2381
68684,SAN JOSÉ DE MIRANDA,3862.0352,1345.2164
15664,SAN JOSÉ DE PARE,3750.963,564.7173
70823,SAN JOSÉ DE TOLUVIEJO,2891.6687,1006.847
23682,SAN JOSÉ DE URÉ,2622.98,953.5667
18610,SAN JOSÉ DEL FRAGUA,2744.5514,1905.0666
95001,SAN JOSÉ DEL GUAVIARE,9207.3907,2183.2653
27660,SAN JOSÉ DEL PALMAR,2546.3054,632.6984
50683,SAN JUAN DE ARAMA,2207.5952,855.8568
70702,SAN JUAN DE BETULIA,3298.6431,1046.1447
25662,SAN JUAN DE RIOSECO,3017.9445,1061.2098
05659,SAN JUAN DE URABÁ,2739.4734,741.367
44650,SAN JUAN DEL CESAR,11436.6025,3496.8941
13657,SAN JUAN NEPOMUCENO,5501.2318,580.6906
50686,SAN JUANITO,8162.4066,940.7895
52687,SAN LORENZO,4063.5266,861.8014
73678,SAN LUIS,3367.6123,1301.7917
05660,SAN LUIS,7362.3601,1434.6404
15667,SAN LUIS DE GACENO,2080.7172,536.0273
85325,SAN LUIS DE PALENQUE,4830.0505,1677.5919
70742,SAN LUIS DE SINCÉ,5044.228,1158.0212
70708,SAN MARCOS,3648.3704,1693.289
50689,SAN MARTÍN,6070.6781,2137.3304
13667,SAN MARTÍN DE LOBA,1710.2109,860.5084
20770,"SAN MARTÍN,CESAR",5932.0135,2670.6183
15673,SAN MATEO,3863.92,276.8398
86757,SAN MIGUEL,3288.6503,2055.2134
68686,SAN MIGUEL,3331.1014,389.1304
15676,SAN MIGUEL DE SEMA,4874.201,576.8252
70713,SAN ONOFRE,2232.5882,589.9508
13670,SAN PABLO,1838.2527,1461.3437
52693,SAN PABLO,4926.8146,923.5063
15681,SAN PABLO DE BORBUR,4004.274,421.9346
76670,SAN PEDRO,5824.545,1284.089
70717,SAN PEDRO,4857.0064,1420.8798
52694,SAN PEDRO DE CARTAGO,4084.4927,400.091
05664,SAN PEDRO DE LOS MILAGROS,6863.1968,1805.6786
05665,SAN PEDRO DE URABÁ,2493.4625,1864.9806
23686,SAN PELAYO,4269.1106,1049.6922
05667,SAN RAFAEL,5148.4895,1068.0079
05670,SAN ROQUE,4810.404,1066.0128
19693,SAN SEBASTIÁN,955.1366,118.3412
47692,SAN SEBASTIÁN DE BUENAVISTA,3108.3345,1359.4679
73443,SAN SEBASTIÁN DE MARIQUITA,5425.4978,2557.5475
68689,SAN VICENTE DE CHUCURÍ,4090.8354,1763.7856
18753,SAN VICENTE DEL CAGUÁN,4251.0862,2423.8998
05674,SAN VICENTE FERRER,3777.756,542.565
47703,SAN ZENÓN,1364.2569,594.3437
52683,SANDONÁ,5857.4773,1567.4565
47707,SANTA ANA,6902.7816,1504.2747
52696,SANTA BÁRBARA,826.2797,56.7222
05679,SANTA BÁRBARA,3573.3934,1039.2496
68705,SANTA BÁRBARA,1211.0772,330.4348
47720,SANTA BÁRBARA DE PINTO,1656.6929,473.8954
13673,SANTA CATALINA,1642.3813,250.767
13468,SANTA CRUZ DE MOMPOX,5245.9968,1027.1752
05042,SANTA FÉ DE ANTIOQUIA,9395.8353,2635.4136
68720,SANTA HELENA DEL OPÓN,4047.6251,1174.045
73686,SANTA ISABEL,810.1805,93.2099
08675,SANTA LUCÍA,3606.2748,721.6565
47001,SANTA MARTA,15749.7,4399.0521
41676,SANTA MARÍA,2418.5247,795.6624
15690,SANTA MARÍA,5205.7373,276.0961
13683,SANTA ROSA,2353.5106,1000.2458
19701,SANTA ROSA,2862.1295,758.2549
66682,SANTA ROSA DE CABAL,8027.2427,1671.9257
05686,SANTA ROSA DE OSOS,7746.3565,1683.1626
15693,SANTA ROSA DE VITERBO,5555.7822,744.4943
13688,SANTA ROSA DEL SUR,5634.5208,2136.1035
99624,SANTA ROSALÍA,3518.5226,890.7692
15696,SANTA SOFÍA,1835.5719,492.3538
52699,SANTACRUZ,2049.9842,300.4086
15686,SANTANA,4435.7366,1361.0493
19698,SANTANDER DE QUILICHAO,5270.7064,1635.0309
86760,SANTIAGO,4231.3706,1861.8838
54680,SANTIAGO,3353.6332,399.2368
70820,SANTIAGO DE TOLÚ,4492.1762,1407.6177
05690,SANTO DOMINGO,2528.1815,287.2338
08685,SANTO TOMÁS,12974.4913,3168.3387
66687,SANTUARIO,5046.1303,1058.5992
52720,SAPUYES,2673.4648,910.6176
81736,SARAVENA,6272.3715,2796.0272
54720,SARDINATA,3768.6956,2037.2461
25718,SASAIMA,6506.5011,1229.1195
15720,SATIVANORTE,5409.7585,322.1405
15723,SATIVASUR,1740.2038,0.0
05736,SEGOVIA,10471.582,2949.3325
25736,SESQUILÉ,8592.6536,2091.746
76736,SEVILLA,9799.7064,1664.8229
15740,SIACHOQUE,2277.6391,1456.3878
25740,SIBATÉ,7666.0871,2383.4567
86749,SIBUNDOY,7793.4761,1468.67
54743,SILOS,2302.8194,952.7682
25743,SILVANIA,5995.1154,1266.4198
19743,SILVIA,2980.6926,1264.3367
68745,SIMACOTA,2698.3315,1669.15
25745,SIMIJACA,5139.4736,1477.2775
13744,SIMITÍ,3489.7496,1662.2391
70001,SINCELEJO,14437.2342,3356.2842
27745,SIPÍ,1286.077,444.1176
47745,SITIONUEVO,1435.468,877.9991
25754,SOACHA,8194.3801,2954.1519
15753,SOATÁ,15646.814,818.9722
15757,SOCHA,5824.2255,1619.6473
68755,SOCORRO,9795.6008,3227.6815
15755,SOCOTÁ,2979.4285,723.2248
15759,SOGAMOSO,16400.7804,3408.2862
18756,SOLANO,2720.65,2204.6226
08758,SOLEDAD,10241.5116,4208.7432
18785,SOLITA,2277.647,1397.7563
15761,SOMONDOCO,3597.1806,407.5619
05756,SONSÓN,2774.2197,1020.8258
05761,SOPETRÁN,7449.814,1735.4311
13760,SOPLAVIENTO,1601.6099,412.0071
25758,SOPÓ,12284.2547,2369.175
15762,SORA,1575.5543,1073.4027
15764,SORACÁ,2756.2848,1677.743
15763,SOTAQUIRÁ,2228.3653,807.452
19760,SOTARÁ PAISPAMBA,1774.6216,482.3559
68770,SUAITA,3354.1672,761.9667
08770,SUAN,6189.5083,2843.473
41770,SUAZA,2106.4971,1650.335
25769,SUBACHOQUE,7497.0967,1143.4247
19785,SUCRE,3283.9325,489.6215
68773,SUCRE,1352.4908,388.7123
70771,SUCRE,1487.9955,486.1061
25772,SUESCA,10427.0773,1830.8886
25777,SUPATÁ,1625.0258,804.2899
17777,SUPÍA,4686.9532,1709.7863
68780,SURATÁ,2855.6449,469.7205
25779,SUSA,3099.7428,1430.3697
15774,SUSACÓN,3819.5737,340.0949
15776,SUTAMARCHÁN,3788.3804,874.8195
25781,SUTATAUSA,5576.9464,1584.1539
15778,SUTATENZA,2531.3246,702.7402
73770,SUÁREZ,3558.4348,1408.6172
19780,SUÁREZ,638.8191,413.9842
85315,SÁCAMA,6229.3438,610.2273
15638,SÁCHICA,3263.7633,937.1515
25785,TABIO,9567.8056,1560.3
27787,TADÓ,3471.5946,1221.4222
13780,TALAIGUA NUEVO,2676.6043,506.2762
20787,TAMALAMEQUE,1182.2627,624.1076
81794,TAME,6186.4483,2475.9312
52786,TAMINANGO,2379.2099,1086.5193
52788,TANGUA,5757.83,833.1027
97666,TARAIRA,5770.1136,920.8333
91798,TARAPACÁ (ANM),2662.1384,392.2078
05790,TARAZÁ,4737.6524,1545.9501
41791,TARQUI,4789.0824,1536.0561
05792,TARSO,5054.1166,1257.6059
15790,TASCO,3858.4848,1271.611
85410,TAURAMENA,10066.8268,2541.4496
25793,TAUSA,4836.9534,1644.5745
41799,TELLO,3267.3025,2080.9085
25797,TENA,3367.8596,1151.7743
47798,TENERIFE,3756.5948,1844.7079
25799,TENJO,7838.3794,1954.2155
15798,TENZA,3705.1989,395.4189
54800,TEORAMA,1278.5544,699.5213
41801,TERUEL,6160.2795,2005.956
41797,TESALIA,4902.5773,1396.4668
25805,TIBACUY,2655.9754,611.8868
15804,TIBANÁ,3174.2436,125.8937
15806,TIBASOSA,4831.907,723.6013
25807,TIBIRITA,2744.7676,434.774
54810,TIBÚ,4348.5275,2687.4729
23807,TIERRALTA,2612.0989,1611.466
41807,TIMANÁ,3714.3291,1891.829
19809,TIMBIQUÍ,340.4968,154.2288
19807,TIMBÍO,5230.2465,1124.2466
15808,TINJACÁ,2797.6401,151.0
15810,TIPACOQUE,6209.4781,1231.3777
13810,TIQUISIO,1765.987,337.3984
05809,TITIRIBÍ,2980.5256,679.2864
15814,TOCA,5302.7553,714.8037
25815,TOCAIMA,4041.8735,1531.9543
25817,TOCANCIPÁ,13811.8658,2958.6335
15816,TOGÜÍ,3032.1372,493.3114
05819,TOLEDO,5123.0253,1473.1369
54820,TOLEDO,4347.77,916.0904
68820,TONA,1197.5856,493.3228
25823,TOPAIPÍ,3927.1642,597.6679
19821,TORIBÍO,824.0541,326.3207
76823,TORO,4268.1608,1350.0457
15822,TOTA,2544.582,502.9856
19824,TOTORÓ,1539.503,863.6531
85430,TRINIDAD,4473.7308,2064.5456
76828,TRUJILLO,6603.3117,1366.6546
08832,TUBARÁ,7212.6557,2922.7779
23815,TUCHÍN,2904.0665,820.0967
76834,TULUÁ,9177.9494,3062.371
15001,TUNJA,20130.9015,2880.8497
15832,TUNUNGUÁ,2480.1376,235.9375
13836,TURBACO,4328.4575,741.48
13838,TURBANÁ,2576.5235,424.6231
05837,TURBO,4055.5005,2523.936
15835,TURMEQUÉ,3038.8545,376.334
15837,TUTA,5338.5622,975.3918
15839,TUTAZÁ,2126.3557,400.0
85400,TÁMARA,3736.6554,760.1965
05789,TÁMESIS,3772.644,1215.4516
15820,TÓPAGA,4740.0943,1776.24
52838,TÚQUERRES,3885.0962,1395.1205
25839,UBALÁ,4795.5449,844.1299
25841,UBAQUE,4751.9945,878.5724
76845,ULLOA,4960.3615,1098.8511
25845,UNE,4226.01,1643.7749
27800,UNGUÍA,1121.1385,1290.8297
27810,UNIÓN PANAMERICANA,3512.7008,1072.9789
05842,URAMITA,3699.8996,973.0518
50370,URIBE,1631.8984,587.7596
44847,URIBIA,1408.6308,745.193
05847,URRAO,4030.2964,1147.7401
44855,URUMITA,7340.9063,1653.4607
08849,USIACURÍ,7902.7089,1880.6292
05854,VALDIVIA,2853.899,1048.9669
23855,VALENCIA,2336.236,1201.0204
68855,VALLE DE SAN JOSÉ,4941.9015,1426.4028
73854,VALLE DE SAN JUAN,1828.4585,677.855
86865,VALLE DEL GUAMUEZ,5156.2632,2997.9766
20001,VALLEDUPAR,14843.387,3483.4865
05856,VALPARAÍSO,3374.1137,258.9191
18860,VALPARAÍSO,2614.0075,701.5122
05858,VEGACHÍ,5364.9724,2419.7375
73861,VENADILLO,3991.7752,1876.8882
05861,VENECIA,5518.9878,1126.3295
25506,VENECIA,3530.7859,430.6253
15861,VENTAQUEMADA,2467.3664,1067.5025
25862,VERGARA,2652.7108,338.9758
76863,VERSALLES,7677.4035,592.6441
68867,VETAS,4677.8898,742.823
25867,VIANÍ,1305.26,553.4676
17867,VICTORIA,2459.5126,795.7484
05873,VIGÍA DEL FUERTE,2943.0922,614.1633
76869,VIJES,5963.8151,1726.5076
54871,VILLA CARO,2497.9423,811.1797
15407,VILLA DE LEYVA,10445.5145,2605.1371
25843,VILLA DE SAN DIEGO DE UBATÉ,12490.0733,2488.1226
54874,VILLA DEL ROSARIO,7949.9303,4177.6354
19845,VILLA RICA,2097.7761,1362.0861
86885,VILLAGARZÓN,10921.2101,2257.5539
25871,VILLAGÓMEZ,1715.2874,0.0
73870,VILLAHERMOSA,1423.92,701.3127
17873,VILLAMARÍA,10567.7977,1560.5336
13873,"VILLANUEVA,BOLIVAR",2196.4326,647.4068
85440,"VILLANUEVA,CASANARE",7991.9922,2324.5288
44874,"VILLANUEVA,LA GUAJIRA",7283.0892,1847.1043
68872,"VILLANUEVA,SANTANDER",3786.2,1049.2782
25873,VILLAPINZÓN,5134.97,1993.2852
73873,VILLARRICA,1080.4776,796.3963
50001,VILLAVICENCIO,13430.7149,3150.8871
41872,VILLAVIEJA,4355.1674,1595.3697
25875,VILLETA,13741.9861,1523.4717
25878,VIOTÁ,3517.1427,961.6868
15879,VIRACACHÁ,2148.4031,391.6837
50711,VISTAHERMOSA,2864.6852,1190.62
17877,VITERBO,7447.2341,2246.2925
68861,VÉLEZ,5550.8987,1313.8938
25885,YACOPÍ,1548.4806,158.1968
52885,YACUANQUER,4510.4212,1155.1269
41885,YAGUARÁ,6528.3822,1738.0142
05885,YALÍ,2128.4205,455.8058
05887,YARUMAL,7343.2619,2074.3984
97889,YAVARATÉ (ANM),8825.2594,0.0
05890,YOLOMBÓ,5034.0605,1052.118
05893,YONDÓ,4007.6371,1201.5474
85001,YOPAL,14396.1105,4260.3342
76890,YOTOCO,5489.9871,1801.0894
76892,YUMBO,8895.6682,2645.5414
13894,ZAMBRANO,3623.3454,891.2307
68895,ZAPATOCA,5116.4545,1410.7928
47960,ZAPAYÁN,2716.9836,914.8521
05895,ZARAGOZA,4029.148,1969.0927
76895,ZARZAL,7679.1137,2505.889
15897,ZETAQUIRA,1969.3997,1549.0417
25898,ZIPACÓN,5144.3163,578.6871
25899,ZIPAQUIRÁ,17171.7914,3584.9355
47980,ZONA BANANERA,2303.2156,1252.8849
54003,ÁBREGO,2495.3706,1650.9192
41357,ÍQUIRA,2123.8366,557.0524
15842,ÚMBITA,2634.9083,663.6287
25851,ÚTICA,3537.6257,1297.2802
